TimeUTC,timestampInMs,requestPath,requestMethod,requestQueryString,responseStatusCode,requestId,requestUserAgent,level,environment,branch,vercelCache,type,function,host,deploymentDomain,deploymentId,durationMs,region,maxMemoryUsed,memorySize,message,projectId,traceId,sessionId,invocationId,instanceId,concurrency
2026-02-12 13:53:42,1770904422033,the-crown-i-will-take-from-you.vercel.app/,GET,_rsc=1wyef,200,sfrzj-1770904422033-fb1df06c2303,"Mozilla/5.0 (iPhone; CPU iPhone OS 18_7 like Mac OS X) AppleWebKit/605.1.15 (KHTML, like Gecko) Version/26.2 Mobile/15E148 Safari/604.1",,production,main,HIT,middleware,middleware,the-crown-i-will-take-from-you.vercel.app,the-crown-i-will-take-from-7u8o1lddv.vercel.app,dpl_BwpawyiyvwAdGH3GjX9TQhzNxWFH,6,sin1,124,2048,,prj_qrokoMwAntOhRUhoe34RWPVyZ6hz,,,01KH9221NJ98ZRMVYPV0XBX7FC,xIJmHvCzZLcO,1
2026-02-12 13:53:42,1770904422033,the-crown-i-will-take-from-you.vercel.app/,GET,_rsc=1wyef,200,sfrzj-1770904422033-fb1df06c2303,"Mozilla/5.0 (iPhone; CPU iPhone OS 18_7 like Mac OS X) AppleWebKit/605.1.15 (KHTML, like Gecko) Version/26.2 Mobile/15E148 Safari/604.1",,production,main,HIT,static,/index,the-crown-i-will-take-from-you.vercel.app,the-crown-i-will-take-from-7u8o1lddv.vercel.app,dpl_BwpawyiyvwAdGH3GjX9TQhzNxWFH,98,sin1,,,,prj_qrokoMwAntOhRUhoe34RWPVyZ6hz,,,,,
2026-02-12 13:53:41,1770904421623,the-crown-i-will-take-from-you.vercel.app/api/auth/refresh,POST,,401,5jk4b-1770904421350-56604c96679b,"Mozilla/5.0 (iPhone; CPU iPhone OS 18_7 like Mac OS X) AppleWebKit/605.1.15 (KHTML, like Gecko) Version/26.2 Mobile/15E148 Safari/604.1",info,production,main,MISS,function,/api/auth/refresh,the-crown-i-will-take-from-you.vercel.app,the-crown-i-will-take-from-7u8o1lddv.vercel.app,dpl_BwpawyiyvwAdGH3GjX9TQhzNxWFH,,,,,"{""level"":30,""time"":1770904421622,""env"":""production"",""sessionId"":""614d9739-f51b-443b-a114-03a0a0a3ee70"",""siteId"":3,""expiresAt"":""2026-02-12T13:43:17.007Z"",""graceDeadline"":""2026-02-12T13:48:17.007Z"",""expiredBy"":""325s"",""msg"":""Session expired beyond grace period""}",prj_qrokoMwAntOhRUhoe34RWPVyZ6hz,,,,,
2026-02-12 13:53:41,1770904421623,the-crown-i-will-take-from-you.vercel.app/api/auth/refresh,POST,,401,5jk4b-1770904421350-56604c96679b,"Mozilla/5.0 (iPhone; CPU iPhone OS 18_7 like Mac OS X) AppleWebKit/605.1.15 (KHTML, like Gecko) Version/26.2 Mobile/15E148 Safari/604.1",info,production,main,MISS,function,/api/auth/refresh,the-crown-i-will-take-from-you.vercel.app,the-crown-i-will-take-from-7u8o1lddv.vercel.app,dpl_BwpawyiyvwAdGH3GjX9TQhzNxWFH,,,,,"{""level"":40,""time"":1770904421623,""env"":""production"",""userId"":""286c3023-69f6-4646-8b92-8b4bed1a4133"",""siteId"":3,""jti"":""L8pwLPllfkft8Al87x3Zt"",""msg"":""Session not found or expired""}",prj_qrokoMwAntOhRUhoe34RWPVyZ6hz,,,,,
2026-02-12 13:53:41,1770904421623,the-crown-i-will-take-from-you.vercel.app/api/auth/refresh,POST,,401,5jk4b-1770904421350-56604c96679b,"Mozilla/5.0 (iPhone; CPU iPhone OS 18_7 like Mac OS X) AppleWebKit/605.1.15 (KHTML, like Gecko) Version/26.2 Mobile/15E148 Safari/604.1",info,production,main,MISS,function,/api/auth/refresh,the-crown-i-will-take-from-you.vercel.app,the-crown-i-will-take-from-7u8o1lddv.vercel.app,dpl_BwpawyiyvwAdGH3GjX9TQhzNxWFH,,,,,"{""level"":50,""time"":1770904421623,""env"":""production"",""message"":""Session expired"",""code"":""SESSION_EXPIRED"",""status"":401,""msg"":""API Error""}",prj_qrokoMwAntOhRUhoe34RWPVyZ6hz,,,,,
2026-02-12 13:53:41,1770904421350,the-crown-i-will-take-from-you.vercel.app/api/auth/refresh,POST,,401,5jk4b-1770904421350-56604c96679b,"Mozilla/5.0 (iPhone; CPU iPhone OS 18_7 like Mac OS X) AppleWebKit/605.1.15 (KHTML, like Gecko) Version/26.2 Mobile/15E148 Safari/604.1",,production,main,MISS,middleware,middleware,the-crown-i-will-take-from-you.vercel.app,the-crown-i-will-take-from-7u8o1lddv.vercel.app,dpl_BwpawyiyvwAdGH3GjX9TQhzNxWFH,7,sin1,124,2048,,prj_qrokoMwAntOhRUhoe34RWPVyZ6hz,,,01KH9220Z89N2SV1MV55EYNZTJ,xIJmHvCzZLcO,1
2026-02-12 13:53:41,1770904421350,the-crown-i-will-take-from-you.vercel.app/api/auth/refresh,POST,,401,5jk4b-1770904421350-56604c96679b,"Mozilla/5.0 (iPhone; CPU iPhone OS 18_7 like Mac OS X) AppleWebKit/605.1.15 (KHTML, like Gecko) Version/26.2 Mobile/15E148 Safari/604.1",,production,main,MISS,function,/api/auth/refresh,the-crown-i-will-take-from-you.vercel.app,the-crown-i-will-take-from-7u8o1lddv.vercel.app,dpl_BwpawyiyvwAdGH3GjX9TQhzNxWFH,132,iad1,290,2048,,prj_qrokoMwAntOhRUhoe34RWPVyZ6hz,,,01KH92213DFCM73ZH5C550F5CT,aRfMk8u6ocXQ,1
2026-02-12 13:53:40,1770904420955,the-crown-i-will-take-from-you.vercel.app/api/auth/me,GET,,401,5jk4b-1770904420955-db5e1f02866a,"Mozilla/5.0 (iPhone; CPU iPhone OS 18_7 like Mac OS X) AppleWebKit/605.1.15 (KHTML, like Gecko) Version/26.2 Mobile/15E148 Safari/604.1",,production,main,MISS,middleware,middleware,the-crown-i-will-take-from-you.vercel.app,the-crown-i-will-take-from-7u8o1lddv.vercel.app,dpl_BwpawyiyvwAdGH3GjX9TQhzNxWFH,6,sin1,124,2048,,prj_qrokoMwAntOhRUhoe34RWPVyZ6hz,,,01KH9220K5GVTMNDGMNXHNBYTP,xIJmHvCzZLcO,1
2026-02-12 13:53:40,1770904420955,the-crown-i-will-take-from-you.vercel.app/api/auth/me,GET,,401,5jk4b-1770904420955-db5e1f02866a,"Mozilla/5.0 (iPhone; CPU iPhone OS 18_7 like Mac OS X) AppleWebKit/605.1.15 (KHTML, like Gecko) Version/26.2 Mobile/15E148 Safari/604.1",,production,main,MISS,function,/api/auth/me,the-crown-i-will-take-from-you.vercel.app,the-crown-i-will-take-from-7u8o1lddv.vercel.app,dpl_BwpawyiyvwAdGH3GjX9TQhzNxWFH,10,iad1,290,2048,,prj_qrokoMwAntOhRUhoe34RWPVyZ6hz,,,01KH9220Q70QTZQT101MX6TRV2,aRfMk8u6ocXQ,1
2026-02-12 13:53:40,1770904420758,the-crown-i-will-take-from-you.vercel.app/api/auth/refresh,POST,,401,vkfx4-1770904420402-f63cb70cacaa,"Mozilla/5.0 (iPhone; CPU iPhone OS 18_7 like Mac OS X) AppleWebKit/605.1.15 (KHTML, like Gecko) Version/26.2 Mobile/15E148 Safari/604.1",info,production,main,MISS,function,/api/auth/refresh,the-crown-i-will-take-from-you.vercel.app,the-crown-i-will-take-from-7u8o1lddv.vercel.app,dpl_BwpawyiyvwAdGH3GjX9TQhzNxWFH,,,,,"{""level"":30,""time"":1770904420757,""env"":""production"",""sessionId"":""614d9739-f51b-443b-a114-03a0a0a3ee70"",""siteId"":3,""expiresAt"":""2026-02-12T13:43:17.007Z"",""graceDeadline"":""2026-02-12T13:48:17.007Z"",""expiredBy"":""324s"",""msg"":""Session expired beyond grace period""}",prj_qrokoMwAntOhRUhoe34RWPVyZ6hz,,,,,
2026-02-12 13:53:40,1770904420758,the-crown-i-will-take-from-you.vercel.app/api/auth/refresh,POST,,401,vkfx4-1770904420402-f63cb70cacaa,"Mozilla/5.0 (iPhone; CPU iPhone OS 18_7 like Mac OS X) AppleWebKit/605.1.15 (KHTML, like Gecko) Version/26.2 Mobile/15E148 Safari/604.1",info,production,main,MISS,function,/api/auth/refresh,the-crown-i-will-take-from-you.vercel.app,the-crown-i-will-take-from-7u8o1lddv.vercel.app,dpl_BwpawyiyvwAdGH3GjX9TQhzNxWFH,,,,,"{""level"":40,""time"":1770904420757,""env"":""production"",""userId"":""286c3023-69f6-4646-8b92-8b4bed1a4133"",""siteId"":3,""jti"":""L8pwLPllfkft8Al87x3Zt"",""msg"":""Session not found or expired""}",prj_qrokoMwAntOhRUhoe34RWPVyZ6hz,,,,,
2026-02-12 13:53:40,1770904420758,the-crown-i-will-take-from-you.vercel.app/api/auth/refresh,POST,,401,vkfx4-1770904420402-f63cb70cacaa,"Mozilla/5.0 (iPhone; CPU iPhone OS 18_7 like Mac OS X) AppleWebKit/605.1.15 (KHTML, like Gecko) Version/26.2 Mobile/15E148 Safari/604.1",info,production,main,MISS,function,/api/auth/refresh,the-crown-i-will-take-from-you.vercel.app,the-crown-i-will-take-from-7u8o1lddv.vercel.app,dpl_BwpawyiyvwAdGH3GjX9TQhzNxWFH,,,,,"{""level"":50,""time"":1770904420758,""env"":""production"",""message"":""Session expired"",""code"":""SESSION_EXPIRED"",""status"":401,""msg"":""API Error""}",prj_qrokoMwAntOhRUhoe34RWPVyZ6hz,,,,,
2026-02-12 13:53:40,1770904420402,the-crown-i-will-take-from-you.vercel.app/api/auth/refresh,POST,,401,vkfx4-1770904420402-f63cb70cacaa,"Mozilla/5.0 (iPhone; CPU iPhone OS 18_7 like Mac OS X) AppleWebKit/605.1.15 (KHTML, like Gecko) Version/26.2 Mobile/15E148 Safari/604.1",,production,main,MISS,middleware,middleware,the-crown-i-will-take-from-you.vercel.app,the-crown-i-will-take-from-7u8o1lddv.vercel.app,dpl_BwpawyiyvwAdGH3GjX9TQhzNxWFH,6,sin1,124,2048,,prj_qrokoMwAntOhRUhoe34RWPVyZ6hz,,,01KH92202W7H4HS3M0D7MQPCDG,xIJmHvCzZLcO,1
2026-02-12 13:53:40,1770904420402,the-crown-i-will-take-from-you.vercel.app/api/auth/refresh,POST,,401,vkfx4-1770904420402-f63cb70cacaa,"Mozilla/5.0 (iPhone; CPU iPhone OS 18_7 like Mac OS X) AppleWebKit/605.1.15 (KHTML, like Gecko) Version/26.2 Mobile/15E148 Safari/604.1",,production,main,MISS,function,/api/auth/refresh,the-crown-i-will-take-from-you.vercel.app,the-crown-i-will-take-from-7u8o1lddv.vercel.app,dpl_BwpawyiyvwAdGH3GjX9TQhzNxWFH,176,iad1,290,2048,,prj_qrokoMwAntOhRUhoe34RWPVyZ6hz,,,01KH92206WRNSHGB1M8Q6J6M2W,aRfMk8u6ocXQ,1
2026-02-12 13:53:27,1770904407213,the-crown-i-will-take-from-you.vercel.app/manifest.json,GET,,304,cmc8d-1770904407213-7cebdfd44b4c,"Mozilla/5.0 (Windows NT 10.0; Win64; x64) AppleWebKit/537.36 (KHTML, like Gecko) Chrome/144.0.0.0 Safari/537.36",,production,main,,middleware,middleware,the-crown-i-will-take-from-you.vercel.app,the-crown-i-will-take-from-7u8o1lddv.vercel.app,dpl_BwpawyiyvwAdGH3GjX9TQhzNxWFH,6,sin1,124,2048,,prj_qrokoMwAntOhRUhoe34RWPVyZ6hz,,,01KH921K62A8PNXKC76BDJ0ZSC,xIJmHvCzZLcO,1
2026-02-12 13:53:27,1770904407213,the-crown-i-will-take-from-you.vercel.app/manifest.json,GET,,304,cmc8d-1770904407213-7cebdfd44b4c,"Mozilla/5.0 (Windows NT 10.0; Win64; x64) AppleWebKit/537.36 (KHTML, like Gecko) Chrome/144.0.0.0 Safari/537.36",,production,main,,static,/manifest.json,the-crown-i-will-take-from-you.vercel.app,the-crown-i-will-take-from-7u8o1lddv.vercel.app,dpl_BwpawyiyvwAdGH3GjX9TQhzNxWFH,36,sin1,,,,prj_qrokoMwAntOhRUhoe34RWPVyZ6hz,,,,,
2026-02-12 13:53:27,1770904407185,the-crown-i-will-take-from-you.vercel.app/chapters/121-the-dawns-droplet.html,GET,,200,w8km7-1770904407185-af0cf3ca9b27,"Mozilla/5.0 (Windows NT 10.0; Win64; x64) AppleWebKit/537.36 (KHTML, like Gecko) Chrome/144.0.0.0 Safari/537.36",,production,main,HIT,middleware,middleware,the-crown-i-will-take-from-you.vercel.app,the-crown-i-will-take-from-7u8o1lddv.vercel.app,dpl_BwpawyiyvwAdGH3GjX9TQhzNxWFH,9,sin1,120,2048,,prj_qrokoMwAntOhRUhoe34RWPVyZ6hz,,,01KH921K4VCP1MS8A5XTYGPV6G,j2zEKq6Y9eLE,1
2026-02-12 13:53:27,1770904407185,the-crown-i-will-take-from-you.vercel.app/chapters/121-the-dawns-droplet.html,GET,,200,w8km7-1770904407185-af0cf3ca9b27,"Mozilla/5.0 (Windows NT 10.0; Win64; x64) AppleWebKit/537.36 (KHTML, like Gecko) Chrome/144.0.0.0 Safari/537.36",,production,main,HIT,static,/chapters/121-the-dawns-droplet.html,the-crown-i-will-take-from-you.vercel.app,the-crown-i-will-take-from-7u8o1lddv.vercel.app,dpl_BwpawyiyvwAdGH3GjX9TQhzNxWFH,335,sin1,,,,prj_qrokoMwAntOhRUhoe34RWPVyZ6hz,,,,,
2026-02-12 13:53:27,1770904407184,the-crown-i-will-take-from-you.vercel.app/chapters/120-the-puppeteers-strings.html,GET,,200,6jwpq-1770904407184-ef988855070b,"Mozilla/5.0 (Windows NT 10.0; Win64; x64) AppleWebKit/537.36 (KHTML, like Gecko) Chrome/144.0.0.0 Safari/537.36",,production,main,HIT,middleware,middleware,the-crown-i-will-take-from-you.vercel.app,the-crown-i-will-take-from-7u8o1lddv.vercel.app,dpl_BwpawyiyvwAdGH3GjX9TQhzNxWFH,6,sin1,124,2048,,prj_qrokoMwAntOhRUhoe34RWPVyZ6hz,,,01KH921K4X9N9WJWGMT17JCKM3,xIJmHvCzZLcO,1
2026-02-12 13:53:27,1770904407184,the-crown-i-will-take-from-you.vercel.app/chapters/120-the-puppeteers-strings.html,GET,,200,6jwpq-1770904407184-ef988855070b,"Mozilla/5.0 (Windows NT 10.0; Win64; x64) AppleWebKit/537.36 (KHTML, like Gecko) Chrome/144.0.0.0 Safari/537.36",,production,main,HIT,static,/chapters/120-the-puppeteers-strings.html,the-crown-i-will-take-from-you.vercel.app,the-crown-i-will-take-from-7u8o1lddv.vercel.app,dpl_BwpawyiyvwAdGH3GjX9TQhzNxWFH,33,sin1,,,,prj_qrokoMwAntOhRUhoe34RWPVyZ6hz,,,,,
2026-02-12 13:53:26,1770904406394,the-crown-i-will-take-from-you.vercel.app/read/120-the-puppeteers-strings,GET,_rsc=1sbbw,200,5p9jr-1770904406394-c2c39a18c146,"Mozilla/5.0 (Windows NT 10.0; Win64; x64) AppleWebKit/537.36 (KHTML, like Gecko) Chrome/144.0.0.0 Safari/537.36",,production,main,HIT,middleware,middleware,the-crown-i-will-take-from-you.vercel.app,the-crown-i-will-take-from-7u8o1lddv.vercel.app,dpl_BwpawyiyvwAdGH3GjX9TQhzNxWFH,8,sin1,120,2048,,prj_qrokoMwAntOhRUhoe34RWPVyZ6hz,,,01KH921JC4GRTMEJQ7HJ9RSY6H,j2zEKq6Y9eLE,1
2026-02-12 13:53:26,1770904406394,the-crown-i-will-take-from-you.vercel.app/read/120-the-puppeteers-strings,GET,_rsc=1sbbw,200,5p9jr-1770904406394-c2c39a18c146,"Mozilla/5.0 (Windows NT 10.0; Win64; x64) AppleWebKit/537.36 (KHTML, like Gecko) Chrome/144.0.0.0 Safari/537.36",,production,main,HIT,static,/read/120-the-puppeteers-strings,the-crown-i-will-take-from-you.vercel.app,the-crown-i-will-take-from-7u8o1lddv.vercel.app,dpl_BwpawyiyvwAdGH3GjX9TQhzNxWFH,691,sin1,,,,prj_qrokoMwAntOhRUhoe34RWPVyZ6hz,,,,,
2026-02-12 13:52:49,1770904369960,the-crown-i-will-take-from-you.vercel.app/api/auth/me,GET,,200,24cjt-1770904369960-bd15cef0d689,"Mozilla/5.0 (Windows NT 10.0; Win64; x64) AppleWebKit/537.36 (KHTML, like Gecko) Chrome/144.0.0.0 Safari/537.36",,production,main,MISS,function,/api/auth/me,the-crown-i-will-take-from-you.vercel.app,the-crown-i-will-take-from-7u8o1lddv.vercel.app,dpl_BwpawyiyvwAdGH3GjX9TQhzNxWFH,137,iad1,290,2048,,prj_qrokoMwAntOhRUhoe34RWPVyZ6hz,,,01KH920EXSYXYYWCF983CD3KZW,aRfMk8u6ocXQ,1
2026-02-12 13:52:49,1770904369960,the-crown-i-will-take-from-you.vercel.app/api/auth/me,GET,,200,24cjt-1770904369960-bd15cef0d689,"Mozilla/5.0 (Windows NT 10.0; Win64; x64) AppleWebKit/537.36 (KHTML, like Gecko) Chrome/144.0.0.0 Safari/537.36",,production,main,MISS,middleware,middleware,the-crown-i-will-take-from-you.vercel.app,the-crown-i-will-take-from-7u8o1lddv.vercel.app,dpl_BwpawyiyvwAdGH3GjX9TQhzNxWFH,8,sin1,120,2048,,prj_qrokoMwAntOhRUhoe34RWPVyZ6hz,,,01KH920ESJQ4YSHXDRM2R2322S,j2zEKq6Y9eLE,1
2026-02-12 13:52:49,1770904369627,the-crown-i-will-take-from-you.vercel.app/api/auth/refresh,POST,,200,zzz49-1770904369114-bdb41af24927,"Mozilla/5.0 (Windows NT 10.0; Win64; x64) AppleWebKit/537.36 (KHTML, like Gecko) Chrome/144.0.0.0 Safari/537.36",info,production,main,MISS,function,/api/auth/refresh,the-crown-i-will-take-from-you.vercel.app,the-crown-i-will-take-from-you.vercel.app,dpl_BwpawyiyvwAdGH3GjX9TQhzNxWFH,,,,,"{""level"":30,""time"":1770904369626,""env"":""production"",""userId"":""286c3023-69f6-4646-8b92-8b4bed1a4133"",""siteId"":3,""sessionId"":""7dbe7f5b-31ad-46e7-a689-06a60ca4ef15"",""expiresAt"":""2026-02-12T14:22:49.585Z"",""msg"":""Session created successfully""}",prj_qrokoMwAntOhRUhoe34RWPVyZ6hz,,,,,
2026-02-12 13:52:49,1770904369771,the-crown-i-will-take-from-you.vercel.app/api/auth/refresh,POST,,200,zzz49-1770904369114-bdb41af24927,"Mozilla/5.0 (Windows NT 10.0; Win64; x64) AppleWebKit/537.36 (KHTML, like Gecko) Chrome/144.0.0.0 Safari/537.36",info,production,main,MISS,function,/api/auth/refresh,the-crown-i-will-take-from-you.vercel.app,the-crown-i-will-take-from-you.vercel.app,dpl_BwpawyiyvwAdGH3GjX9TQhzNxWFH,,,,,"{""level"":30,""time"":1770904369770,""env"":""production"",""userId"":""286c3023-69f6-4646-8b92-8b4bed1a4133"",""siteId"":3,""oldSessionId"":""0cf2c448-7ded-4cb7-96b9-4b4b721eb5e0"",""newSessionId"":""7dbe7f5b-31ad-46e7-a689-06a60ca4ef15"",""rotated"":true,""msg"":""Token rotation successful""}",prj_qrokoMwAntOhRUhoe34RWPVyZ6hz,,,,,
2026-02-12 13:52:49,1770904369771,the-crown-i-will-take-from-you.vercel.app/api/auth/refresh,POST,,200,zzz49-1770904369114-bdb41af24927,"Mozilla/5.0 (Windows NT 10.0; Win64; x64) AppleWebKit/537.36 (KHTML, like Gecko) Chrome/144.0.0.0 Safari/537.36",info,production,main,MISS,function,/api/auth/refresh,the-crown-i-will-take-from-you.vercel.app,the-crown-i-will-take-from-you.vercel.app,dpl_BwpawyiyvwAdGH3GjX9TQhzNxWFH,,,,,"{""level"":30,""time"":1770904369771,""env"":""production"",""userId"":""286c3023-69f6-4646-8b92-8b4bed1a4133"",""siteId"":3,""rotated"":true,""sessionId"":""7dbe7f5b-31ad-46e7-a689-06a60ca4ef15"",""msg"":""Token refresh completed""}",prj_qrokoMwAntOhRUhoe34RWPVyZ6hz,,,,,
2026-02-12 13:52:49,1770904369114,the-crown-i-will-take-from-you.vercel.app/api/auth/refresh,POST,,200,zzz49-1770904369114-bdb41af24927,"Mozilla/5.0 (Windows NT 10.0; Win64; x64) AppleWebKit/537.36 (KHTML, like Gecko) Chrome/144.0.0.0 Safari/537.36",,production,main,MISS,function,/api/auth/refresh,the-crown-i-will-take-from-you.vercel.app,the-crown-i-will-take-from-you.vercel.app,dpl_BwpawyiyvwAdGH3GjX9TQhzNxWFH,505,iad1,289,2048,,prj_qrokoMwAntOhRUhoe34RWPVyZ6hz,,,01KH920E3A4A4PG9W52YHKWSEX,aRfMk8u6ocXQ,1
2026-02-12 13:52:49,1770904369114,the-crown-i-will-take-from-you.vercel.app/api/auth/refresh,POST,,200,zzz49-1770904369114-bdb41af24927,"Mozilla/5.0 (Windows NT 10.0; Win64; x64) AppleWebKit/537.36 (KHTML, like Gecko) Chrome/144.0.0.0 Safari/537.36",,production,main,MISS,middleware,middleware,the-crown-i-will-take-from-you.vercel.app,the-crown-i-will-take-from-you.vercel.app,dpl_BwpawyiyvwAdGH3GjX9TQhzNxWFH,7,sin1,120,2048,,prj_qrokoMwAntOhRUhoe34RWPVyZ6hz,,,01KH920DZ5JZFB4H087AZZYF4K,j2zEKq6Y9eLE,1
2026-02-12 13:52:48,1770904368723,the-crown-i-will-take-from-you.vercel.app/api/auth/me,GET,,401,hkznl-1770904368723-005e56965403,"Mozilla/5.0 (Windows NT 10.0; Win64; x64) AppleWebKit/537.36 (KHTML, like Gecko) Chrome/144.0.0.0 Safari/537.36",,production,main,MISS,function,/api/auth/me,the-crown-i-will-take-from-you.vercel.app,the-crown-i-will-take-from-7u8o1lddv.vercel.app,dpl_BwpawyiyvwAdGH3GjX9TQhzNxWFH,53,iad1,286,2048,,prj_qrokoMwAntOhRUhoe34RWPVyZ6hz,,,01KH920DSN6P6VP4V2HFX2ZE4Q,aRfMk8u6ocXQ,1
2026-02-12 13:52:48,1770904368723,the-crown-i-will-take-from-you.vercel.app/api/auth/me,GET,,401,hkznl-1770904368723-005e56965403,"Mozilla/5.0 (Windows NT 10.0; Win64; x64) AppleWebKit/537.36 (KHTML, like Gecko) Chrome/144.0.0.0 Safari/537.36",,production,main,MISS,middleware,middleware,the-crown-i-will-take-from-you.vercel.app,the-crown-i-will-take-from-7u8o1lddv.vercel.app,dpl_BwpawyiyvwAdGH3GjX9TQhzNxWFH,7,sin1,120,2048,,prj_qrokoMwAntOhRUhoe34RWPVyZ6hz,,,01KH920DJWENY5TTC65DAWER93,j2zEKq6Y9eLE,1
2026-02-12 13:52:00,1770904320370,the-crown-i-will-take-from-you.vercel.app/terms,GET,_rsc=o11fy,304,r5z8b-1770904320370-c63410e2cc84,"Mozilla/5.0 (iPhone; CPU iPhone OS 26_2_1 like Mac OS X) AppleWebKit/605.1.15 (KHTML, like Gecko) GSA/407.0.866017435 Mobile/15E148 Safari/604.1",,production,main,HIT,middleware,middleware,the-crown-i-will-take-from-you.vercel.app,the-crown-i-will-take-from-7u8o1lddv.vercel.app,dpl_BwpawyiyvwAdGH3GjX9TQhzNxWFH,32,sin1,120,2048,,prj_qrokoMwAntOhRUhoe34RWPVyZ6hz,,,01KH91YYBN0J1PRF0M3KHFAGAR,j2zEKq6Y9eLE,1
2026-02-12 13:52:00,1770904320370,the-crown-i-will-take-from-you.vercel.app/terms,GET,_rsc=o11fy,304,r5z8b-1770904320370-c63410e2cc84,"Mozilla/5.0 (iPhone; CPU iPhone OS 26_2_1 like Mac OS X) AppleWebKit/605.1.15 (KHTML, like Gecko) GSA/407.0.866017435 Mobile/15E148 Safari/604.1",,production,main,HIT,static,/terms.segments/terms/__PAGE__.segment,the-crown-i-will-take-from-you.vercel.app,the-crown-i-will-take-from-7u8o1lddv.vercel.app,dpl_BwpawyiyvwAdGH3GjX9TQhzNxWFH,47,sin1,,,,prj_qrokoMwAntOhRUhoe34RWPVyZ6hz,,,,,
2026-02-12 13:52:00,1770904320344,the-crown-i-will-take-from-you.vercel.app/terms,GET,_rsc=ffo9i,304,r5z8b-1770904320344-3136bb3f286c,"Mozilla/5.0 (iPhone; CPU iPhone OS 26_2_1 like Mac OS X) AppleWebKit/605.1.15 (KHTML, like Gecko) GSA/407.0.866017435 Mobile/15E148 Safari/604.1",,production,main,HIT,middleware,middleware,the-crown-i-will-take-from-you.vercel.app,the-crown-i-will-take-from-7u8o1lddv.vercel.app,dpl_BwpawyiyvwAdGH3GjX9TQhzNxWFH,6,sin1,120,2048,,prj_qrokoMwAntOhRUhoe34RWPVyZ6hz,,,01KH91YYAW9PNM0X9TNSRFCHA3,j2zEKq6Y9eLE,1
2026-02-12 13:52:00,1770904320344,the-crown-i-will-take-from-you.vercel.app/terms,GET,_rsc=ffo9i,304,r5z8b-1770904320344-3136bb3f286c,"Mozilla/5.0 (iPhone; CPU iPhone OS 26_2_1 like Mac OS X) AppleWebKit/605.1.15 (KHTML, like Gecko) GSA/407.0.866017435 Mobile/15E148 Safari/604.1",,production,main,HIT,static,/terms.segments/terms.segment,the-crown-i-will-take-from-you.vercel.app,the-crown-i-will-take-from-7u8o1lddv.vercel.app,dpl_BwpawyiyvwAdGH3GjX9TQhzNxWFH,24,sin1,,,,prj_qrokoMwAntOhRUhoe34RWPVyZ6hz,,,,,
2026-02-12 13:52:00,1770904320317,the-crown-i-will-take-from-you.vercel.app/terms,GET,_rsc=m8m8p,304,zfklc-1770904320317-d1066880b90f,"Mozilla/5.0 (iPhone; CPU iPhone OS 26_2_1 like Mac OS X) AppleWebKit/605.1.15 (KHTML, like Gecko) GSA/407.0.866017435 Mobile/15E148 Safari/604.1",,production,main,HIT,middleware,middleware,the-crown-i-will-take-from-you.vercel.app,the-crown-i-will-take-from-7u8o1lddv.vercel.app,dpl_BwpawyiyvwAdGH3GjX9TQhzNxWFH,6,sin1,124,2048,,prj_qrokoMwAntOhRUhoe34RWPVyZ6hz,,,01KH91YYA1NQF199N07A6YKGBT,xIJmHvCzZLcO,1
2026-02-12 13:52:00,1770904320317,the-crown-i-will-take-from-you.vercel.app/terms,GET,_rsc=m8m8p,304,zfklc-1770904320317-d1066880b90f,"Mozilla/5.0 (iPhone; CPU iPhone OS 26_2_1 like Mac OS X) AppleWebKit/605.1.15 (KHTML, like Gecko) GSA/407.0.866017435 Mobile/15E148 Safari/604.1",,production,main,HIT,static,/terms.segments/_head.segment,the-crown-i-will-take-from-you.vercel.app,the-crown-i-will-take-from-7u8o1lddv.vercel.app,dpl_BwpawyiyvwAdGH3GjX9TQhzNxWFH,24,sin1,,,,prj_qrokoMwAntOhRUhoe34RWPVyZ6hz,,,,,
2026-02-12 13:52:00,1770904320317,the-crown-i-will-take-from-you.vercel.app/privacy,GET,_rsc=9zsm8,304,r5z8b-1770904320317-71f08747aa6d,"Mozilla/5.0 (iPhone; CPU iPhone OS 26_2_1 like Mac OS X) AppleWebKit/605.1.15 (KHTML, like Gecko) GSA/407.0.866017435 Mobile/15E148 Safari/604.1",,production,main,HIT,middleware,middleware,the-crown-i-will-take-from-you.vercel.app,the-crown-i-will-take-from-7u8o1lddv.vercel.app,dpl_BwpawyiyvwAdGH3GjX9TQhzNxWFH,7,sin1,120,2048,,prj_qrokoMwAntOhRUhoe34RWPVyZ6hz,,,01KH91YYA1NQF199N079BNB07J,j2zEKq6Y9eLE,1
2026-02-12 13:52:00,1770904320317,the-crown-i-will-take-from-you.vercel.app/privacy,GET,_rsc=9zsm8,304,r5z8b-1770904320317-71f08747aa6d,"Mozilla/5.0 (iPhone; CPU iPhone OS 26_2_1 like Mac OS X) AppleWebKit/605.1.15 (KHTML, like Gecko) GSA/407.0.866017435 Mobile/15E148 Safari/604.1",,production,main,HIT,static,/privacy.segments/privacy/__PAGE__.segment,the-crown-i-will-take-from-you.vercel.app,the-crown-i-will-take-from-7u8o1lddv.vercel.app,dpl_BwpawyiyvwAdGH3GjX9TQhzNxWFH,25,sin1,,,,prj_qrokoMwAntOhRUhoe34RWPVyZ6hz,,,,,
2026-02-12 13:52:00,1770904320295,the-crown-i-will-take-from-you.vercel.app/privacy,GET,_rsc=1sudl,304,z7ggk-1770904320295-65414da6e9b9,"Mozilla/5.0 (iPhone; CPU iPhone OS 26_2_1 like Mac OS X) AppleWebKit/605.1.15 (KHTML, like Gecko) GSA/407.0.866017435 Mobile/15E148 Safari/604.1",,production,main,HIT,middleware,middleware,the-crown-i-will-take-from-you.vercel.app,the-crown-i-will-take-from-7u8o1lddv.vercel.app,dpl_BwpawyiyvwAdGH3GjX9TQhzNxWFH,5,sin1,124,2048,,prj_qrokoMwAntOhRUhoe34RWPVyZ6hz,,,01KH91YY9A4ZVF8CYT4WHGS5E5,xIJmHvCzZLcO,1
2026-02-12 13:52:00,1770904320295,the-crown-i-will-take-from-you.vercel.app/privacy,GET,_rsc=1sudl,304,z7ggk-1770904320295-65414da6e9b9,"Mozilla/5.0 (iPhone; CPU iPhone OS 26_2_1 like Mac OS X) AppleWebKit/605.1.15 (KHTML, like Gecko) GSA/407.0.866017435 Mobile/15E148 Safari/604.1",,production,main,HIT,static,/privacy.segments/privacy.segment,the-crown-i-will-take-from-you.vercel.app,the-crown-i-will-take-from-7u8o1lddv.vercel.app,dpl_BwpawyiyvwAdGH3GjX9TQhzNxWFH,20,sin1,,,,prj_qrokoMwAntOhRUhoe34RWPVyZ6hz,,,,,
2026-02-12 13:52:00,1770904320295,the-crown-i-will-take-from-you.vercel.app/privacy,GET,_rsc=m8m8p,304,r5z8b-1770904320295-609cd07cb765,"Mozilla/5.0 (iPhone; CPU iPhone OS 26_2_1 like Mac OS X) AppleWebKit/605.1.15 (KHTML, like Gecko) GSA/407.0.866017435 Mobile/15E148 Safari/604.1",,production,main,HIT,middleware,middleware,the-crown-i-will-take-from-you.vercel.app,the-crown-i-will-take-from-7u8o1lddv.vercel.app,dpl_BwpawyiyvwAdGH3GjX9TQhzNxWFH,7,sin1,120,2048,,prj_qrokoMwAntOhRUhoe34RWPVyZ6hz,,,01KH91YY9A4ZVF8CYT4X23NHHS,j2zEKq6Y9eLE,1
2026-02-12 13:52:00,1770904320295,the-crown-i-will-take-from-you.vercel.app/privacy,GET,_rsc=m8m8p,304,r5z8b-1770904320295-609cd07cb765,"Mozilla/5.0 (iPhone; CPU iPhone OS 26_2_1 like Mac OS X) AppleWebKit/605.1.15 (KHTML, like Gecko) GSA/407.0.866017435 Mobile/15E148 Safari/604.1",,production,main,HIT,static,/privacy.segments/_head.segment,the-crown-i-will-take-from-you.vercel.app,the-crown-i-will-take-from-7u8o1lddv.vercel.app,dpl_BwpawyiyvwAdGH3GjX9TQhzNxWFH,20,sin1,,,,prj_qrokoMwAntOhRUhoe34RWPVyZ6hz,,,,,
2026-02-12 13:52:00,1770904320235,the-crown-i-will-take-from-you.vercel.app/terms,GET,_rsc=17yrj,304,z7ggk-1770904320235-6c2a5b3f4a88,"Mozilla/5.0 (iPhone; CPU iPhone OS 26_2_1 like Mac OS X) AppleWebKit/605.1.15 (KHTML, like Gecko) GSA/407.0.866017435 Mobile/15E148 Safari/604.1",,production,main,HIT,middleware,middleware,the-crown-i-will-take-from-you.vercel.app,the-crown-i-will-take-from-7u8o1lddv.vercel.app,dpl_BwpawyiyvwAdGH3GjX9TQhzNxWFH,8,sin1,124,2048,,prj_qrokoMwAntOhRUhoe34RWPVyZ6hz,,,01KH91YY7NYY3488XBQT2B90N0,xIJmHvCzZLcO,1
2026-02-12 13:52:00,1770904320235,the-crown-i-will-take-from-you.vercel.app/terms,GET,_rsc=17yrj,304,z7ggk-1770904320235-6c2a5b3f4a88,"Mozilla/5.0 (iPhone; CPU iPhone OS 26_2_1 like Mac OS X) AppleWebKit/605.1.15 (KHTML, like Gecko) GSA/407.0.866017435 Mobile/15E148 Safari/604.1",,production,main,HIT,static,/terms.segments/_tree.segment,the-crown-i-will-take-from-you.vercel.app,the-crown-i-will-take-from-7u8o1lddv.vercel.app,dpl_BwpawyiyvwAdGH3GjX9TQhzNxWFH,30,sin1,,,,prj_qrokoMwAntOhRUhoe34RWPVyZ6hz,,,,,
2026-02-12 13:52:00,1770904320235,the-crown-i-will-take-from-you.vercel.app/forgot-password,GET,_rsc=17yrj,304,r5z8b-1770904320235-e1f4db45b72a,"Mozilla/5.0 (iPhone; CPU iPhone OS 26_2_1 like Mac OS X) AppleWebKit/605.1.15 (KHTML, like Gecko) GSA/407.0.866017435 Mobile/15E148 Safari/604.1",,production,main,,middleware,middleware,the-crown-i-will-take-from-you.vercel.app,the-crown-i-will-take-from-7u8o1lddv.vercel.app,dpl_BwpawyiyvwAdGH3GjX9TQhzNxWFH,18,sin1,120,2048,,prj_qrokoMwAntOhRUhoe34RWPVyZ6hz,,,01KH91YY7GPXDQ05VV97KT58XZ,j2zEKq6Y9eLE,1
2026-02-12 13:52:00,1770904320235,the-crown-i-will-take-from-you.vercel.app/forgot-password,GET,_rsc=17yrj,304,r5z8b-1770904320235-e1f4db45b72a,"Mozilla/5.0 (iPhone; CPU iPhone OS 26_2_1 like Mac OS X) AppleWebKit/605.1.15 (KHTML, like Gecko) GSA/407.0.866017435 Mobile/15E148 Safari/604.1",,production,main,,static,/404,the-crown-i-will-take-from-you.vercel.app,the-crown-i-will-take-from-7u8o1lddv.vercel.app,dpl_BwpawyiyvwAdGH3GjX9TQhzNxWFH,46,sin1,,,,prj_qrokoMwAntOhRUhoe34RWPVyZ6hz,,,,,
2026-02-12 13:52:00,1770904320235,the-crown-i-will-take-from-you.vercel.app/privacy,GET,_rsc=17yrj,304,kz7th-1770904320235-0fbbd15ec439,"Mozilla/5.0 (iPhone; CPU iPhone OS 26_2_1 like Mac OS X) AppleWebKit/605.1.15 (KHTML, like Gecko) GSA/407.0.866017435 Mobile/15E148 Safari/604.1",,production,main,HIT,middleware,middleware,the-crown-i-will-take-from-you.vercel.app,the-crown-i-will-take-from-7u8o1lddv.vercel.app,dpl_BwpawyiyvwAdGH3GjX9TQhzNxWFH,8,sin1,123,2048,,prj_qrokoMwAntOhRUhoe34RWPVyZ6hz,,,01KH91YY7KM0D8BM4F603P93JG,l5Kjod9zrNKY,1
2026-02-12 13:52:00,1770904320235,the-crown-i-will-take-from-you.vercel.app/privacy,GET,_rsc=17yrj,304,kz7th-1770904320235-0fbbd15ec439,"Mozilla/5.0 (iPhone; CPU iPhone OS 26_2_1 like Mac OS X) AppleWebKit/605.1.15 (KHTML, like Gecko) GSA/407.0.866017435 Mobile/15E148 Safari/604.1",,production,main,HIT,static,/privacy.segments/_tree.segment,the-crown-i-will-take-from-you.vercel.app,the-crown-i-will-take-from-7u8o1lddv.vercel.app,dpl_BwpawyiyvwAdGH3GjX9TQhzNxWFH,26,sin1,,,,prj_qrokoMwAntOhRUhoe34RWPVyZ6hz,,,,,
2026-02-12 13:51:36,1770904296001,the-crown-i-will-take-from-you.vercel.app/,GET,_rsc=1pn8p,304,vr4j4-1770904296001-96197f54e440,"Mozilla/5.0 (iPhone; CPU iPhone OS 26_2_1 like Mac OS X) AppleWebKit/605.1.15 (KHTML, like Gecko) GSA/407.0.866017435 Mobile/15E148 Safari/604.1",,production,main,HIT,middleware,middleware,the-crown-i-will-take-from-you.vercel.app,the-crown-i-will-take-from-7u8o1lddv.vercel.app,dpl_BwpawyiyvwAdGH3GjX9TQhzNxWFH,7,sin1,123,2048,,prj_qrokoMwAntOhRUhoe34RWPVyZ6hz,,,01KH91Y6J7344H6WHZM2QRT4YP,l5Kjod9zrNKY,1
2026-02-12 13:51:36,1770904296001,the-crown-i-will-take-from-you.vercel.app/,GET,_rsc=1pn8p,304,vr4j4-1770904296001-96197f54e440,"Mozilla/5.0 (iPhone; CPU iPhone OS 26_2_1 like Mac OS X) AppleWebKit/605.1.15 (KHTML, like Gecko) GSA/407.0.866017435 Mobile/15E148 Safari/604.1",,production,main,HIT,static,/index.segments/_head.segment,the-crown-i-will-take-from-you.vercel.app,the-crown-i-will-take-from-7u8o1lddv.vercel.app,dpl_BwpawyiyvwAdGH3GjX9TQhzNxWFH,24,sin1,,,,prj_qrokoMwAntOhRUhoe34RWPVyZ6hz,,,,,
2026-02-12 13:51:36,1770904296001,the-crown-i-will-take-from-you.vercel.app/,GET,_rsc=ivliq,304,rfjkr-1770904296001-0d8242e9270e,"Mozilla/5.0 (iPhone; CPU iPhone OS 26_2_1 like Mac OS X) AppleWebKit/605.1.15 (KHTML, like Gecko) GSA/407.0.866017435 Mobile/15E148 Safari/604.1",,production,main,HIT,middleware,middleware,the-crown-i-will-take-from-you.vercel.app,the-crown-i-will-take-from-7u8o1lddv.vercel.app,dpl_BwpawyiyvwAdGH3GjX9TQhzNxWFH,6,sin1,123,2048,,prj_qrokoMwAntOhRUhoe34RWPVyZ6hz,,,01KH91Y6JPPQYK18EDKETXWG5S,l5Kjod9zrNKY,1
2026-02-12 13:51:36,1770904296001,the-crown-i-will-take-from-you.vercel.app/,GET,_rsc=ivliq,304,rfjkr-1770904296001-0d8242e9270e,"Mozilla/5.0 (iPhone; CPU iPhone OS 26_2_1 like Mac OS X) AppleWebKit/605.1.15 (KHTML, like Gecko) GSA/407.0.866017435 Mobile/15E148 Safari/604.1",,production,main,HIT,static,/index.segments/__PAGE__.segment,the-crown-i-will-take-from-you.vercel.app,the-crown-i-will-take-from-7u8o1lddv.vercel.app,dpl_BwpawyiyvwAdGH3GjX9TQhzNxWFH,37,sin1,,,,prj_qrokoMwAntOhRUhoe34RWPVyZ6hz,,,,,
2026-02-12 13:51:35,1770904295926,the-crown-i-will-take-from-you.vercel.app/,GET,_rsc=1r34m,304,vr4j4-1770904295926-183527bf5bef,"Mozilla/5.0 (iPhone; CPU iPhone OS 26_2_1 like Mac OS X) AppleWebKit/605.1.15 (KHTML, like Gecko) GSA/407.0.866017435 Mobile/15E148 Safari/604.1",,production,main,HIT,middleware,middleware,the-crown-i-will-take-from-you.vercel.app,the-crown-i-will-take-from-7u8o1lddv.vercel.app,dpl_BwpawyiyvwAdGH3GjX9TQhzNxWFH,8,sin1,123,2048,,prj_qrokoMwAntOhRUhoe34RWPVyZ6hz,,,01KH91Y6G10DN2XA0FJ6P95SZX,l5Kjod9zrNKY,1
2026-02-12 13:51:35,1770904295926,the-crown-i-will-take-from-you.vercel.app/,GET,_rsc=1r34m,304,vr4j4-1770904295926-183527bf5bef,"Mozilla/5.0 (iPhone; CPU iPhone OS 26_2_1 like Mac OS X) AppleWebKit/605.1.15 (KHTML, like Gecko) GSA/407.0.866017435 Mobile/15E148 Safari/604.1",,production,main,HIT,static,/index.segments/_tree.segment,the-crown-i-will-take-from-you.vercel.app,the-crown-i-will-take-from-7u8o1lddv.vercel.app,dpl_BwpawyiyvwAdGH3GjX9TQhzNxWFH,47,sin1,,,,prj_qrokoMwAntOhRUhoe34RWPVyZ6hz,,,,,
2026-02-12 13:51:35,1770904295452,the-crown-i-will-take-from-you.vercel.app/,GET,_rsc=16uzy,,4j2rs-1770904295452-e2f6c6844c43,"Mozilla/5.0 (iPhone; CPU iPhone OS 26_2_1 like Mac OS X) AppleWebKit/605.1.15 (KHTML, like Gecko) GSA/407.0.866017435 Mobile/15E148 Safari/604.1",,production,,,middleware,middleware,the-crown-i-will-take-from-you.vercel.app,,dpl_BwpawyiyvwAdGH3GjX9TQhzNxWFH,7,sin1,123,2048,,prj_qrokoMwAntOhRUhoe34RWPVyZ6hz,,,01KH91Y61A2SYBXWRG2HF6MXDX,l5Kjod9zrNKY,1
2026-02-12 13:51:29,1770904289016,the-crown-i-will-take-from-you.vercel.app/fonts/Cormorant_Garamond/static/CormorantGaramond-SemiBold.ttf,GET,,200,wkf72-1770904288996-8d93b40d01a0,"Mozilla/5.0 (Linux; Android 10; K) AppleWebKit/537.36 (KHTML, like Gecko) Chrome/144.0.0.0 Mobile Safari/537.36",info,production,main,HIT,middleware,/fonts/Cormorant_Garamond/static/CormorantGaramond-SemiBold.ttf,the-crown-i-will-take-from-you.vercel.app,the-crown-i-will-take-from-you.vercel.app,dpl_BwpawyiyvwAdGH3GjX9TQhzNxWFH,,,,,[Cormorant_Garamond] / status=200,prj_qrokoMwAntOhRUhoe34RWPVyZ6hz,,,,,
2026-02-12 13:51:28,1770904288996,the-crown-i-will-take-from-you.vercel.app/fonts/Cormorant_Garamond/static/CormorantGaramond-SemiBold.ttf,GET,,200,wkf72-1770904288996-8d93b40d01a0,"Mozilla/5.0 (Linux; Android 10; K) AppleWebKit/537.36 (KHTML, like Gecko) Chrome/144.0.0.0 Mobile Safari/537.36",,production,main,HIT,middleware,middleware,the-crown-i-will-take-from-you.vercel.app,the-crown-i-will-take-from-you.vercel.app,dpl_BwpawyiyvwAdGH3GjX9TQhzNxWFH,8,iad1,117,2048,,prj_qrokoMwAntOhRUhoe34RWPVyZ6hz,,,01KH91XZQRQW6J9GVNVXZ63CT2,SCUHgUWKnuzC,1
2026-02-12 13:51:28,1770904288996,the-crown-i-will-take-from-you.vercel.app/fonts/Cormorant_Garamond/static/CormorantGaramond-SemiBold.ttf,GET,,200,wkf72-1770904288996-8d93b40d01a0,"Mozilla/5.0 (Linux; Android 10; K) AppleWebKit/537.36 (KHTML, like Gecko) Chrome/144.0.0.0 Mobile Safari/537.36",,production,main,HIT,static,/fonts/Cormorant_Garamond/static/CormorantGaramond-SemiBold.ttf,the-crown-i-will-take-from-you.vercel.app,the-crown-i-will-take-from-you.vercel.app,dpl_BwpawyiyvwAdGH3GjX9TQhzNxWFH,324,yul1,,,,prj_qrokoMwAntOhRUhoe34RWPVyZ6hz,,,,,
2026-02-12 13:51:28,1770904288987,the-crown-i-will-take-from-you.vercel.app/login,GET,_rsc=2q94h,200,277kw-1770904288987-28c7a11e3012,"Mozilla/5.0 (Linux; Android 10; K) AppleWebKit/537.36 (KHTML, like Gecko) Chrome/144.0.0.0 Mobile Safari/537.36",,production,main,HIT,middleware,middleware,the-crown-i-will-take-from-you.vercel.app,the-crown-i-will-take-from-7u8o1lddv.vercel.app,dpl_BwpawyiyvwAdGH3GjX9TQhzNxWFH,10,iad1,117,2048,,prj_qrokoMwAntOhRUhoe34RWPVyZ6hz,,,01KH91XZQ5GB151VYAF5HKV57Z,SCUHgUWKnuzC,1
2026-02-12 13:51:28,1770904288987,the-crown-i-will-take-from-you.vercel.app/login,GET,_rsc=2q94h,200,277kw-1770904288987-28c7a11e3012,"Mozilla/5.0 (Linux; Android 10; K) AppleWebKit/537.36 (KHTML, like Gecko) Chrome/144.0.0.0 Mobile Safari/537.36",,production,main,HIT,static,/login.segments/login/__PAGE__.segment,the-crown-i-will-take-from-you.vercel.app,the-crown-i-will-take-from-7u8o1lddv.vercel.app,dpl_BwpawyiyvwAdGH3GjX9TQhzNxWFH,45,yul1,,,,prj_qrokoMwAntOhRUhoe34RWPVyZ6hz,,,,,
2026-02-12 13:51:28,1770904288976,the-crown-i-will-take-from-you.vercel.app/login,GET,_rsc=2w0vv,200,4mfjt-1770904288976-abe031f9f510,"Mozilla/5.0 (Linux; Android 10; K) AppleWebKit/537.36 (KHTML, like Gecko) Chrome/144.0.0.0 Mobile Safari/537.36",,production,main,HIT,middleware,middleware,the-crown-i-will-take-from-you.vercel.app,the-crown-i-will-take-from-7u8o1lddv.vercel.app,dpl_BwpawyiyvwAdGH3GjX9TQhzNxWFH,524,iad1,117,2048,,prj_qrokoMwAntOhRUhoe34RWPVyZ6hz,,,01KH91XZPVKK6W67XF7ZZX9A93,EhAl9kNiYWh0,1
2026-02-12 13:51:28,1770904288976,the-crown-i-will-take-from-you.vercel.app/login,GET,_rsc=2w0vv,200,4mfjt-1770904288976-abe031f9f510,"Mozilla/5.0 (Linux; Android 10; K) AppleWebKit/537.36 (KHTML, like Gecko) Chrome/144.0.0.0 Mobile Safari/537.36",,production,main,HIT,static,/login.segments/login.segment,the-crown-i-will-take-from-you.vercel.app,the-crown-i-will-take-from-7u8o1lddv.vercel.app,dpl_BwpawyiyvwAdGH3GjX9TQhzNxWFH,567,yul1,,,,prj_qrokoMwAntOhRUhoe34RWPVyZ6hz,,,,,
2026-02-12 13:51:28,1770904288951,the-crown-i-will-take-from-you.vercel.app/login,GET,_rsc=1m8nk,200,w8crk-1770904288951-a3655ec82e68,"Mozilla/5.0 (Linux; Android 10; K) AppleWebKit/537.36 (KHTML, like Gecko) Chrome/144.0.0.0 Mobile Safari/537.36",,production,main,HIT,middleware,middleware,the-crown-i-will-take-from-you.vercel.app,the-crown-i-will-take-from-7u8o1lddv.vercel.app,dpl_BwpawyiyvwAdGH3GjX9TQhzNxWFH,7,iad1,117,2048,,prj_qrokoMwAntOhRUhoe34RWPVyZ6hz,,,01KH91XZP2XEXKSSXVY7NJZSMD,SCUHgUWKnuzC,1
2026-02-12 13:51:28,1770904288951,the-crown-i-will-take-from-you.vercel.app/login,GET,_rsc=1m8nk,200,w8crk-1770904288951-a3655ec82e68,"Mozilla/5.0 (Linux; Android 10; K) AppleWebKit/537.36 (KHTML, like Gecko) Chrome/144.0.0.0 Mobile Safari/537.36",,production,main,HIT,static,/login.segments/_head.segment,the-crown-i-will-take-from-you.vercel.app,the-crown-i-will-take-from-7u8o1lddv.vercel.app,dpl_BwpawyiyvwAdGH3GjX9TQhzNxWFH,50,yul1,,,,prj_qrokoMwAntOhRUhoe34RWPVyZ6hz,,,,,
2026-02-12 13:51:28,1770904288900,the-crown-i-will-take-from-you.vercel.app/signup,GET,_rsc=1avqx,200,lfkwf-1770904288900-e5c3bd69b86b,"Mozilla/5.0 (Linux; Android 10; K) AppleWebKit/537.36 (KHTML, like Gecko) Chrome/144.0.0.0 Mobile Safari/537.36",,production,main,HIT,middleware,middleware,the-crown-i-will-take-from-you.vercel.app,the-crown-i-will-take-from-7u8o1lddv.vercel.app,dpl_BwpawyiyvwAdGH3GjX9TQhzNxWFH,517,iad1,116,2048,,prj_qrokoMwAntOhRUhoe34RWPVyZ6hz,,,01KH91XZMGTW8VJ744NR5HRJZH,s4f45yKEUKqB,1
2026-02-12 13:51:28,1770904288900,the-crown-i-will-take-from-you.vercel.app/signup,GET,_rsc=1avqx,200,lfkwf-1770904288900-e5c3bd69b86b,"Mozilla/5.0 (Linux; Android 10; K) AppleWebKit/537.36 (KHTML, like Gecko) Chrome/144.0.0.0 Mobile Safari/537.36",,production,main,HIT,static,/signup.segments/signup/__PAGE__.segment,the-crown-i-will-take-from-you.vercel.app,the-crown-i-will-take-from-7u8o1lddv.vercel.app,dpl_BwpawyiyvwAdGH3GjX9TQhzNxWFH,629,yul1,,,,prj_qrokoMwAntOhRUhoe34RWPVyZ6hz,,,,,
2026-02-12 13:51:28,1770904288885,the-crown-i-will-take-from-you.vercel.app/signup,GET,_rsc=16bno,200,4mfjt-1770904288885-704e59323c97,"Mozilla/5.0 (Linux; Android 10; K) AppleWebKit/537.36 (KHTML, like Gecko) Chrome/144.0.0.0 Mobile Safari/537.36",,production,main,HIT,middleware,middleware,the-crown-i-will-take-from-you.vercel.app,the-crown-i-will-take-from-7u8o1lddv.vercel.app,dpl_BwpawyiyvwAdGH3GjX9TQhzNxWFH,8,iad1,117,2048,,prj_qrokoMwAntOhRUhoe34RWPVyZ6hz,,,01KH91XZM3VDF9KSVW8RFDXCEP,SCUHgUWKnuzC,1
2026-02-12 13:51:28,1770904288885,the-crown-i-will-take-from-you.vercel.app/signup,GET,_rsc=16bno,200,4mfjt-1770904288885-704e59323c97,"Mozilla/5.0 (Linux; Android 10; K) AppleWebKit/537.36 (KHTML, like Gecko) Chrome/144.0.0.0 Mobile Safari/537.36",,production,main,HIT,static,/signup.segments/signup.segment,the-crown-i-will-take-from-you.vercel.app,the-crown-i-will-take-from-7u8o1lddv.vercel.app,dpl_BwpawyiyvwAdGH3GjX9TQhzNxWFH,80,yul1,,,,prj_qrokoMwAntOhRUhoe34RWPVyZ6hz,,,,,
2026-02-12 13:51:28,1770904288879,the-crown-i-will-take-from-you.vercel.app/manifest.json,GET,,304,wkf72-1770904288879-aa4b9e411dc3,"Mozilla/5.0 (Linux; Android 10; K) AppleWebKit/537.36 (KHTML, like Gecko) Chrome/144.0.0.0 Mobile Safari/537.36",,production,main,,middleware,middleware,the-crown-i-will-take-from-you.vercel.app,the-crown-i-will-take-from-7u8o1lddv.vercel.app,dpl_BwpawyiyvwAdGH3GjX9TQhzNxWFH,8,iad1,117,2048,,prj_qrokoMwAntOhRUhoe34RWPVyZ6hz,,,01KH91XZME8B3HB9XVY0EBP5M5,SCUHgUWKnuzC,1
2026-02-12 13:51:28,1770904288879,the-crown-i-will-take-from-you.vercel.app/manifest.json,GET,,304,wkf72-1770904288879-aa4b9e411dc3,"Mozilla/5.0 (Linux; Android 10; K) AppleWebKit/537.36 (KHTML, like Gecko) Chrome/144.0.0.0 Mobile Safari/537.36",,production,main,,static,/manifest.json,the-crown-i-will-take-from-you.vercel.app,the-crown-i-will-take-from-7u8o1lddv.vercel.app,dpl_BwpawyiyvwAdGH3GjX9TQhzNxWFH,106,yul1,,,,prj_qrokoMwAntOhRUhoe34RWPVyZ6hz,,,,,
2026-02-12 13:51:28,1770904288878,the-crown-i-will-take-from-you.vercel.app/signup,GET,_rsc=1eauw,200,277kw-1770904288878-1c36518247e6,"Mozilla/5.0 (Linux; Android 10; K) AppleWebKit/537.36 (KHTML, like Gecko) Chrome/144.0.0.0 Mobile Safari/537.36",,production,main,HIT,middleware,middleware,the-crown-i-will-take-from-you.vercel.app,the-crown-i-will-take-from-7u8o1lddv.vercel.app,dpl_BwpawyiyvwAdGH3GjX9TQhzNxWFH,8,iad1,117,2048,,prj_qrokoMwAntOhRUhoe34RWPVyZ6hz,,,01KH91XZKRDZRPZY2EK4EYC84H,SCUHgUWKnuzC,1
2026-02-12 13:51:28,1770904288878,the-crown-i-will-take-from-you.vercel.app/signup,GET,_rsc=1eauw,200,277kw-1770904288878-1c36518247e6,"Mozilla/5.0 (Linux; Android 10; K) AppleWebKit/537.36 (KHTML, like Gecko) Chrome/144.0.0.0 Mobile Safari/537.36",,production,main,HIT,static,/signup.segments/_index.segment,the-crown-i-will-take-from-you.vercel.app,the-crown-i-will-take-from-7u8o1lddv.vercel.app,dpl_BwpawyiyvwAdGH3GjX9TQhzNxWFH,80,yul1,,,,prj_qrokoMwAntOhRUhoe34RWPVyZ6hz,,,,,
2026-02-12 13:51:28,1770904288877,the-crown-i-will-take-from-you.vercel.app/signup,GET,_rsc=1m8nk,200,w8crk-1770904288877-915ebf1d21ab,"Mozilla/5.0 (Linux; Android 10; K) AppleWebKit/537.36 (KHTML, like Gecko) Chrome/144.0.0.0 Mobile Safari/537.36",,production,main,HIT,middleware,middleware,the-crown-i-will-take-from-you.vercel.app,the-crown-i-will-take-from-7u8o1lddv.vercel.app,dpl_BwpawyiyvwAdGH3GjX9TQhzNxWFH,8,iad1,117,2048,,prj_qrokoMwAntOhRUhoe34RWPVyZ6hz,,,01KH91XZKRDZRPZY2EK6CM9EGH,SCUHgUWKnuzC,1
2026-02-12 13:51:28,1770904288877,the-crown-i-will-take-from-you.vercel.app/signup,GET,_rsc=1m8nk,200,w8crk-1770904288877-915ebf1d21ab,"Mozilla/5.0 (Linux; Android 10; K) AppleWebKit/537.36 (KHTML, like Gecko) Chrome/144.0.0.0 Mobile Safari/537.36",,production,main,HIT,static,/signup.segments/_head.segment,the-crown-i-will-take-from-you.vercel.app,the-crown-i-will-take-from-7u8o1lddv.vercel.app,dpl_BwpawyiyvwAdGH3GjX9TQhzNxWFH,58,yul1,,,,prj_qrokoMwAntOhRUhoe34RWPVyZ6hz,,,,,
2026-02-12 13:51:28,1770904288821,the-crown-i-will-take-from-you.vercel.app/chapters/80-the-veiled-strike.html,GET,,200,lfkwf-1770904288821-885799d0d609,"Mozilla/5.0 (Linux; Android 10; K) AppleWebKit/537.36 (KHTML, like Gecko) Chrome/144.0.0.0 Mobile Safari/537.36",,production,main,HIT,middleware,middleware,the-crown-i-will-take-from-you.vercel.app,the-crown-i-will-take-from-7u8o1lddv.vercel.app,dpl_BwpawyiyvwAdGH3GjX9TQhzNxWFH,9,iad1,117,2048,,prj_qrokoMwAntOhRUhoe34RWPVyZ6hz,,,01KH91XZJBJ37H3N4W8YETEVQ7,SCUHgUWKnuzC,1
2026-02-12 13:51:28,1770904288821,the-crown-i-will-take-from-you.vercel.app/chapters/80-the-veiled-strike.html,GET,,200,lfkwf-1770904288821-885799d0d609,"Mozilla/5.0 (Linux; Android 10; K) AppleWebKit/537.36 (KHTML, like Gecko) Chrome/144.0.0.0 Mobile Safari/537.36",,production,main,HIT,static,/chapters/80-the-veiled-strike.html,the-crown-i-will-take-from-you.vercel.app,the-crown-i-will-take-from-7u8o1lddv.vercel.app,dpl_BwpawyiyvwAdGH3GjX9TQhzNxWFH,131,yul1,,,,prj_qrokoMwAntOhRUhoe34RWPVyZ6hz,,,,,
2026-02-12 13:51:28,1770904288820,the-crown-i-will-take-from-you.vercel.app/chapters/79-the-delegation-arrives.html,GET,,200,wkf72-1770904288820-0b03b5fc1e02,"Mozilla/5.0 (Linux; Android 10; K) AppleWebKit/537.36 (KHTML, like Gecko) Chrome/144.0.0.0 Mobile Safari/537.36",,production,main,HIT,middleware,middleware,the-crown-i-will-take-from-you.vercel.app,the-crown-i-will-take-from-7u8o1lddv.vercel.app,dpl_BwpawyiyvwAdGH3GjX9TQhzNxWFH,15,iad1,117,2048,,prj_qrokoMwAntOhRUhoe34RWPVyZ6hz,,,01KH91XZJNF0GGSNKSPPDSN883,SCUHgUWKnuzC,1
2026-02-12 13:51:28,1770904288820,the-crown-i-will-take-from-you.vercel.app/chapters/79-the-delegation-arrives.html,GET,,200,wkf72-1770904288820-0b03b5fc1e02,"Mozilla/5.0 (Linux; Android 10; K) AppleWebKit/537.36 (KHTML, like Gecko) Chrome/144.0.0.0 Mobile Safari/537.36",,production,main,HIT,static,/chapters/79-the-delegation-arrives.html,the-crown-i-will-take-from-you.vercel.app,the-crown-i-will-take-from-7u8o1lddv.vercel.app,dpl_BwpawyiyvwAdGH3GjX9TQhzNxWFH,132,yul1,,,,prj_qrokoMwAntOhRUhoe34RWPVyZ6hz,,,,,
2026-02-12 13:51:28,1770904288805,the-crown-i-will-take-from-you.vercel.app/signup,GET,_rsc=178rp,200,277kw-1770904288805-1ffec1d49dfd,"Mozilla/5.0 (Linux; Android 10; K) AppleWebKit/537.36 (KHTML, like Gecko) Chrome/144.0.0.0 Mobile Safari/537.36",,production,main,HIT,middleware,middleware,the-crown-i-will-take-from-you.vercel.app,the-crown-i-will-take-from-7u8o1lddv.vercel.app,dpl_BwpawyiyvwAdGH3GjX9TQhzNxWFH,11,iad1,117,2048,,prj_qrokoMwAntOhRUhoe34RWPVyZ6hz,,,01KH91XZHM5B2YQJQ4JG3P23B3,SCUHgUWKnuzC,1
2026-02-12 13:51:28,1770904288805,the-crown-i-will-take-from-you.vercel.app/signup,GET,_rsc=178rp,200,277kw-1770904288805-1ffec1d49dfd,"Mozilla/5.0 (Linux; Android 10; K) AppleWebKit/537.36 (KHTML, like Gecko) Chrome/144.0.0.0 Mobile Safari/537.36",,production,main,HIT,static,/signup.segments/_tree.segment,the-crown-i-will-take-from-you.vercel.app,the-crown-i-will-take-from-7u8o1lddv.vercel.app,dpl_BwpawyiyvwAdGH3GjX9TQhzNxWFH,52,yul1,,,,prj_qrokoMwAntOhRUhoe34RWPVyZ6hz,,,,,
2026-02-12 13:51:28,1770904288803,the-crown-i-will-take-from-you.vercel.app/login,GET,_rsc=178rp,200,w8crk-1770904288803-12bae655edac,"Mozilla/5.0 (Linux; Android 10; K) AppleWebKit/537.36 (KHTML, like Gecko) Chrome/144.0.0.0 Mobile Safari/537.36",,production,main,HIT,middleware,middleware,the-crown-i-will-take-from-you.vercel.app,the-crown-i-will-take-from-7u8o1lddv.vercel.app,dpl_BwpawyiyvwAdGH3GjX9TQhzNxWFH,8,iad1,117,2048,,prj_qrokoMwAntOhRUhoe34RWPVyZ6hz,,,01KH91XZHM5B2YQJQ4JHZ43M73,SCUHgUWKnuzC,1
2026-02-12 13:51:28,1770904288803,the-crown-i-will-take-from-you.vercel.app/login,GET,_rsc=178rp,200,w8crk-1770904288803-12bae655edac,"Mozilla/5.0 (Linux; Android 10; K) AppleWebKit/537.36 (KHTML, like Gecko) Chrome/144.0.0.0 Mobile Safari/537.36",,production,main,HIT,static,/login.segments/_tree.segment,the-crown-i-will-take-from-you.vercel.app,the-crown-i-will-take-from-7u8o1lddv.vercel.app,dpl_BwpawyiyvwAdGH3GjX9TQhzNxWFH,71,yul1,,,,prj_qrokoMwAntOhRUhoe34RWPVyZ6hz,,,,,
2026-02-12 13:51:28,1770904288243,the-crown-i-will-take-from-you.vercel.app/read/79-the-delegation-arrives,GET,_rsc=13b76,200,np74x-1770904288243-ead599649569,"Mozilla/5.0 (Linux; Android 10; K) AppleWebKit/537.36 (KHTML, like Gecko) Chrome/144.0.0.0 Mobile Safari/537.36",,production,main,HIT,middleware,middleware,the-crown-i-will-take-from-you.vercel.app,the-crown-i-will-take-from-7u8o1lddv.vercel.app,dpl_BwpawyiyvwAdGH3GjX9TQhzNxWFH,30,iad1,117,2048,,prj_qrokoMwAntOhRUhoe34RWPVyZ6hz,,,01KH91XZ06688NKJ6HKD2Z2047,SCUHgUWKnuzC,1
2026-02-12 13:51:28,1770904288243,the-crown-i-will-take-from-you.vercel.app/read/79-the-delegation-arrives,GET,_rsc=13b76,200,np74x-1770904288243-ead599649569,"Mozilla/5.0 (Linux; Android 10; K) AppleWebKit/537.36 (KHTML, like Gecko) Chrome/144.0.0.0 Mobile Safari/537.36",,production,main,HIT,static,/read/79-the-delegation-arrives,the-crown-i-will-take-from-you.vercel.app,the-crown-i-will-take-from-7u8o1lddv.vercel.app,dpl_BwpawyiyvwAdGH3GjX9TQhzNxWFH,383,yul1,,,,prj_qrokoMwAntOhRUhoe34RWPVyZ6hz,,,,,
2026-02-12 13:51:19,1770904279761,the-crown-i-will-take-from-you.vercel.app/api/auth/refresh,POST,,401,78hrw-1770904279613-4ca3bc8ce67c,"Mozilla/5.0 (iPhone; CPU iPhone OS 26_2_1 like Mac OS X) AppleWebKit/605.1.15 (KHTML, like Gecko) GSA/407.0.866017435 Mobile/15E148 Safari/604.1",info,production,main,MISS,function,/api/auth/refresh,the-crown-i-will-take-from-you.vercel.app,the-crown-i-will-take-from-7u8o1lddv.vercel.app,dpl_BwpawyiyvwAdGH3GjX9TQhzNxWFH,,,,,"{""level"":40,""time"":1770904279760,""env"":""production"",""siteId"":3,""msg"":""Refresh token missing from request""}",prj_qrokoMwAntOhRUhoe34RWPVyZ6hz,,,,,
2026-02-12 13:51:19,1770904279761,the-crown-i-will-take-from-you.vercel.app/api/auth/refresh,POST,,401,78hrw-1770904279613-4ca3bc8ce67c,"Mozilla/5.0 (iPhone; CPU iPhone OS 26_2_1 like Mac OS X) AppleWebKit/605.1.15 (KHTML, like Gecko) GSA/407.0.866017435 Mobile/15E148 Safari/604.1",info,production,main,MISS,function,/api/auth/refresh,the-crown-i-will-take-from-you.vercel.app,the-crown-i-will-take-from-7u8o1lddv.vercel.app,dpl_BwpawyiyvwAdGH3GjX9TQhzNxWFH,,,,,"{""level"":50,""time"":1770904279760,""env"":""production"",""message"":""Refresh token required"",""code"":""NO_REFRESH_TOKEN"",""status"":401,""msg"":""API Error""}",prj_qrokoMwAntOhRUhoe34RWPVyZ6hz,,,,,
2026-02-12 13:51:19,1770904279613,the-crown-i-will-take-from-you.vercel.app/api/auth/refresh,POST,,401,78hrw-1770904279613-4ca3bc8ce67c,"Mozilla/5.0 (iPhone; CPU iPhone OS 26_2_1 like Mac OS X) AppleWebKit/605.1.15 (KHTML, like Gecko) GSA/407.0.866017435 Mobile/15E148 Safari/604.1",,production,main,MISS,function,/api/auth/refresh,the-crown-i-will-take-from-you.vercel.app,the-crown-i-will-take-from-7u8o1lddv.vercel.app,dpl_BwpawyiyvwAdGH3GjX9TQhzNxWFH,10,iad1,285,2048,,prj_qrokoMwAntOhRUhoe34RWPVyZ6hz,,,01KH91XPNWSACRC9CAD0BBPP2A,aRfMk8u6ocXQ,1
2026-02-12 13:51:19,1770904279613,the-crown-i-will-take-from-you.vercel.app/api/auth/refresh,POST,,401,78hrw-1770904279613-4ca3bc8ce67c,"Mozilla/5.0 (iPhone; CPU iPhone OS 26_2_1 like Mac OS X) AppleWebKit/605.1.15 (KHTML, like Gecko) GSA/407.0.866017435 Mobile/15E148 Safari/604.1",,production,main,MISS,middleware,middleware,the-crown-i-will-take-from-you.vercel.app,the-crown-i-will-take-from-7u8o1lddv.vercel.app,dpl_BwpawyiyvwAdGH3GjX9TQhzNxWFH,6,sin1,123,2048,,prj_qrokoMwAntOhRUhoe34RWPVyZ6hz,,,01KH91XPJ1N5GBMPMECNMDEBX1,l5Kjod9zrNKY,1
2026-02-12 13:51:19,1770904279479,the-crown-i-will-take-from-you.vercel.app/login,GET,_rsc=6fwey,200,9nrbr-1770904279479-7dca0a21530f,"Mozilla/5.0 (iPhone; CPU iPhone OS 26_2_1 like Mac OS X) AppleWebKit/605.1.15 (KHTML, like Gecko) GSA/407.0.866017435 Mobile/15E148 Safari/604.1",,production,main,HIT,middleware,middleware,the-crown-i-will-take-from-you.vercel.app,the-crown-i-will-take-from-7u8o1lddv.vercel.app,dpl_BwpawyiyvwAdGH3GjX9TQhzNxWFH,7,sin1,123,2048,,prj_qrokoMwAntOhRUhoe34RWPVyZ6hz,,,01KH91XPDT07H9VQBSD2FJQQMB,l5Kjod9zrNKY,1
2026-02-12 13:51:19,1770904279479,the-crown-i-will-take-from-you.vercel.app/login,GET,_rsc=6fwey,200,9nrbr-1770904279479-7dca0a21530f,"Mozilla/5.0 (iPhone; CPU iPhone OS 26_2_1 like Mac OS X) AppleWebKit/605.1.15 (KHTML, like Gecko) GSA/407.0.866017435 Mobile/15E148 Safari/604.1",,production,main,HIT,static,/login.segments/login/__PAGE__.segment,the-crown-i-will-take-from-you.vercel.app,the-crown-i-will-take-from-7u8o1lddv.vercel.app,dpl_BwpawyiyvwAdGH3GjX9TQhzNxWFH,22,sin1,,,,prj_qrokoMwAntOhRUhoe34RWPVyZ6hz,,,,,
2026-02-12 13:51:19,1770904279474,the-crown-i-will-take-from-you.vercel.app/login,GET,_rsc=1rhc3,200,7ftnl-1770904279474-de7e765d0328,"Mozilla/5.0 (iPhone; CPU iPhone OS 26_2_1 like Mac OS X) AppleWebKit/605.1.15 (KHTML, like Gecko) GSA/407.0.866017435 Mobile/15E148 Safari/604.1",,production,main,HIT,middleware,middleware,the-crown-i-will-take-from-you.vercel.app,the-crown-i-will-take-from-7u8o1lddv.vercel.app,dpl_BwpawyiyvwAdGH3GjX9TQhzNxWFH,6,sin1,124,2048,,prj_qrokoMwAntOhRUhoe34RWPVyZ6hz,,,01KH91XPDP51VKA29EK1PK25T1,xIJmHvCzZLcO,1
2026-02-12 13:51:19,1770904279474,the-crown-i-will-take-from-you.vercel.app/login,GET,_rsc=1rhc3,200,7ftnl-1770904279474-de7e765d0328,"Mozilla/5.0 (iPhone; CPU iPhone OS 26_2_1 like Mac OS X) AppleWebKit/605.1.15 (KHTML, like Gecko) GSA/407.0.866017435 Mobile/15E148 Safari/604.1",,production,main,HIT,static,/login.segments/login.segment,the-crown-i-will-take-from-you.vercel.app,the-crown-i-will-take-from-7u8o1lddv.vercel.app,dpl_BwpawyiyvwAdGH3GjX9TQhzNxWFH,21,sin1,,,,prj_qrokoMwAntOhRUhoe34RWPVyZ6hz,,,,,
2026-02-12 13:51:19,1770904279452,the-crown-i-will-take-from-you.vercel.app/login,GET,_rsc=qw91k,200,9nrbr-1770904279452-b7af2d509d8b,"Mozilla/5.0 (iPhone; CPU iPhone OS 26_2_1 like Mac OS X) AppleWebKit/605.1.15 (KHTML, like Gecko) GSA/407.0.866017435 Mobile/15E148 Safari/604.1",,production,main,HIT,middleware,middleware,the-crown-i-will-take-from-you.vercel.app,the-crown-i-will-take-from-7u8o1lddv.vercel.app,dpl_BwpawyiyvwAdGH3GjX9TQhzNxWFH,7,sin1,124,2048,,prj_qrokoMwAntOhRUhoe34RWPVyZ6hz,,,01KH91XPCZYFT6D17QNAKZXRE3,xIJmHvCzZLcO,1
2026-02-12 13:51:19,1770904279452,the-crown-i-will-take-from-you.vercel.app/login,GET,_rsc=qw91k,200,9nrbr-1770904279452-b7af2d509d8b,"Mozilla/5.0 (iPhone; CPU iPhone OS 26_2_1 like Mac OS X) AppleWebKit/605.1.15 (KHTML, like Gecko) GSA/407.0.866017435 Mobile/15E148 Safari/604.1",,production,main,HIT,static,/login.segments/_head.segment,the-crown-i-will-take-from-you.vercel.app,the-crown-i-will-take-from-7u8o1lddv.vercel.app,dpl_BwpawyiyvwAdGH3GjX9TQhzNxWFH,24,sin1,,,,prj_qrokoMwAntOhRUhoe34RWPVyZ6hz,,,,,
2026-02-12 13:51:19,1770904279428,the-crown-i-will-take-from-you.vercel.app/signup,GET,_rsc=h10m9,200,dsd88-1770904279428-309b216b68d3,"Mozilla/5.0 (iPhone; CPU iPhone OS 26_2_1 like Mac OS X) AppleWebKit/605.1.15 (KHTML, like Gecko) GSA/407.0.866017435 Mobile/15E148 Safari/604.1",,production,main,HIT,middleware,middleware,the-crown-i-will-take-from-you.vercel.app,the-crown-i-will-take-from-7u8o1lddv.vercel.app,dpl_BwpawyiyvwAdGH3GjX9TQhzNxWFH,6,sin1,124,2048,,prj_qrokoMwAntOhRUhoe34RWPVyZ6hz,,,01KH91XPC9EBWA3YHXJDMSASV5,xIJmHvCzZLcO,1
2026-02-12 13:51:19,1770904279428,the-crown-i-will-take-from-you.vercel.app/signup,GET,_rsc=h10m9,200,dsd88-1770904279428-309b216b68d3,"Mozilla/5.0 (iPhone; CPU iPhone OS 26_2_1 like Mac OS X) AppleWebKit/605.1.15 (KHTML, like Gecko) GSA/407.0.866017435 Mobile/15E148 Safari/604.1",,production,main,HIT,static,/signup.segments/signup/__PAGE__.segment,the-crown-i-will-take-from-you.vercel.app,the-crown-i-will-take-from-7u8o1lddv.vercel.app,dpl_BwpawyiyvwAdGH3GjX9TQhzNxWFH,23,sin1,,,,prj_qrokoMwAntOhRUhoe34RWPVyZ6hz,,,,,
2026-02-12 13:51:19,1770904279427,the-crown-i-will-take-from-you.vercel.app/signup,GET,_rsc=r73nt,200,9nrbr-1770904279427-03da8a16834e,"Mozilla/5.0 (iPhone; CPU iPhone OS 26_2_1 like Mac OS X) AppleWebKit/605.1.15 (KHTML, like Gecko) GSA/407.0.866017435 Mobile/15E148 Safari/604.1",,production,main,HIT,middleware,middleware,the-crown-i-will-take-from-you.vercel.app,the-crown-i-will-take-from-7u8o1lddv.vercel.app,dpl_BwpawyiyvwAdGH3GjX9TQhzNxWFH,6,sin1,123,2048,,prj_qrokoMwAntOhRUhoe34RWPVyZ6hz,,,01KH91XPC7VVKRR7FJZG5R26AV,l5Kjod9zrNKY,1
2026-02-12 13:51:19,1770904279427,the-crown-i-will-take-from-you.vercel.app/signup,GET,_rsc=r73nt,200,9nrbr-1770904279427-03da8a16834e,"Mozilla/5.0 (iPhone; CPU iPhone OS 26_2_1 like Mac OS X) AppleWebKit/605.1.15 (KHTML, like Gecko) GSA/407.0.866017435 Mobile/15E148 Safari/604.1",,production,main,HIT,static,/signup.segments/signup.segment,the-crown-i-will-take-from-you.vercel.app,the-crown-i-will-take-from-7u8o1lddv.vercel.app,dpl_BwpawyiyvwAdGH3GjX9TQhzNxWFH,23,sin1,,,,prj_qrokoMwAntOhRUhoe34RWPVyZ6hz,,,,,
2026-02-12 13:51:19,1770904279405,the-crown-i-will-take-from-you.vercel.app/signup,GET,_rsc=2gvyb,200,hnw85-1770904279405-1605436558ac,"Mozilla/5.0 (iPhone; CPU iPhone OS 26_2_1 like Mac OS X) AppleWebKit/605.1.15 (KHTML, like Gecko) GSA/407.0.866017435 Mobile/15E148 Safari/604.1",,production,main,HIT,middleware,middleware,the-crown-i-will-take-from-you.vercel.app,the-crown-i-will-take-from-7u8o1lddv.vercel.app,dpl_BwpawyiyvwAdGH3GjX9TQhzNxWFH,7,sin1,123,2048,,prj_qrokoMwAntOhRUhoe34RWPVyZ6hz,,,01KH91XPBGQ3FWQKCGTVV6J2WS,l5Kjod9zrNKY,1
2026-02-12 13:51:19,1770904279405,the-crown-i-will-take-from-you.vercel.app/signup,GET,_rsc=2gvyb,200,hnw85-1770904279405-1605436558ac,"Mozilla/5.0 (iPhone; CPU iPhone OS 26_2_1 like Mac OS X) AppleWebKit/605.1.15 (KHTML, like Gecko) GSA/407.0.866017435 Mobile/15E148 Safari/604.1",,production,main,HIT,static,/signup.segments/_index.segment,the-crown-i-will-take-from-you.vercel.app,the-crown-i-will-take-from-7u8o1lddv.vercel.app,dpl_BwpawyiyvwAdGH3GjX9TQhzNxWFH,24,sin1,,,,prj_qrokoMwAntOhRUhoe34RWPVyZ6hz,,,,,
2026-02-12 13:51:19,1770904279405,the-crown-i-will-take-from-you.vercel.app/signup,GET,_rsc=qw91k,200,9nrbr-1770904279405-e17b582b5e8a,"Mozilla/5.0 (iPhone; CPU iPhone OS 26_2_1 like Mac OS X) AppleWebKit/605.1.15 (KHTML, like Gecko) GSA/407.0.866017435 Mobile/15E148 Safari/604.1",,production,main,HIT,middleware,middleware,the-crown-i-will-take-from-you.vercel.app,the-crown-i-will-take-from-7u8o1lddv.vercel.app,dpl_BwpawyiyvwAdGH3GjX9TQhzNxWFH,5,sin1,124,2048,,prj_qrokoMwAntOhRUhoe34RWPVyZ6hz,,,01KH91XPBGQ3FWQKCGTPN9FT5E,xIJmHvCzZLcO,1
2026-02-12 13:51:19,1770904279405,the-crown-i-will-take-from-you.vercel.app/signup,GET,_rsc=qw91k,200,9nrbr-1770904279405-e17b582b5e8a,"Mozilla/5.0 (iPhone; CPU iPhone OS 26_2_1 like Mac OS X) AppleWebKit/605.1.15 (KHTML, like Gecko) GSA/407.0.866017435 Mobile/15E148 Safari/604.1",,production,main,HIT,static,/signup.segments/_head.segment,the-crown-i-will-take-from-you.vercel.app,the-crown-i-will-take-from-7u8o1lddv.vercel.app,dpl_BwpawyiyvwAdGH3GjX9TQhzNxWFH,19,sin1,,,,prj_qrokoMwAntOhRUhoe34RWPVyZ6hz,,,,,
2026-02-12 13:51:19,1770904279355,the-crown-i-will-take-from-you.vercel.app/signup,GET,_rsc=9fz2a,200,hnw85-1770904279355-221f1b7878ae,"Mozilla/5.0 (iPhone; CPU iPhone OS 26_2_1 like Mac OS X) AppleWebKit/605.1.15 (KHTML, like Gecko) GSA/407.0.866017435 Mobile/15E148 Safari/604.1",,production,main,HIT,middleware,middleware,the-crown-i-will-take-from-you.vercel.app,the-crown-i-will-take-from-7u8o1lddv.vercel.app,dpl_BwpawyiyvwAdGH3GjX9TQhzNxWFH,6,sin1,123,2048,,prj_qrokoMwAntOhRUhoe34RWPVyZ6hz,,,01KH91XPA16RKVSNJ94GHFYXBW,l5Kjod9zrNKY,1
2026-02-12 13:51:19,1770904279355,the-crown-i-will-take-from-you.vercel.app/signup,GET,_rsc=9fz2a,200,hnw85-1770904279355-221f1b7878ae,"Mozilla/5.0 (iPhone; CPU iPhone OS 26_2_1 like Mac OS X) AppleWebKit/605.1.15 (KHTML, like Gecko) GSA/407.0.866017435 Mobile/15E148 Safari/604.1",,production,main,HIT,static,/signup.segments/_tree.segment,the-crown-i-will-take-from-you.vercel.app,the-crown-i-will-take-from-7u8o1lddv.vercel.app,dpl_BwpawyiyvwAdGH3GjX9TQhzNxWFH,22,sin1,,,,prj_qrokoMwAntOhRUhoe34RWPVyZ6hz,,,,,
2026-02-12 13:51:19,1770904279355,the-crown-i-will-take-from-you.vercel.app/login,GET,_rsc=9fz2a,200,9nrbr-1770904279355-4dab6f68b0ab,"Mozilla/5.0 (iPhone; CPU iPhone OS 26_2_1 like Mac OS X) AppleWebKit/605.1.15 (KHTML, like Gecko) GSA/407.0.866017435 Mobile/15E148 Safari/604.1",,production,main,HIT,middleware,middleware,the-crown-i-will-take-from-you.vercel.app,the-crown-i-will-take-from-7u8o1lddv.vercel.app,dpl_BwpawyiyvwAdGH3GjX9TQhzNxWFH,10,sin1,124,2048,,prj_qrokoMwAntOhRUhoe34RWPVyZ6hz,,,01KH91XPA4BVEJW59AZE03TX9B,xIJmHvCzZLcO,1
2026-02-12 13:51:19,1770904279355,the-crown-i-will-take-from-you.vercel.app/login,GET,_rsc=9fz2a,200,9nrbr-1770904279355-4dab6f68b0ab,"Mozilla/5.0 (iPhone; CPU iPhone OS 26_2_1 like Mac OS X) AppleWebKit/605.1.15 (KHTML, like Gecko) GSA/407.0.866017435 Mobile/15E148 Safari/604.1",,production,main,HIT,static,/login.segments/_tree.segment,the-crown-i-will-take-from-you.vercel.app,the-crown-i-will-take-from-7u8o1lddv.vercel.app,dpl_BwpawyiyvwAdGH3GjX9TQhzNxWFH,27,sin1,,,,prj_qrokoMwAntOhRUhoe34RWPVyZ6hz,,,,,
2026-02-12 13:51:19,1770904279313,the-crown-i-will-take-from-you.vercel.app/api/auth/me,GET,,401,wkr4b-1770904279313-2ed2197d2123,"Mozilla/5.0 (iPhone; CPU iPhone OS 26_2_1 like Mac OS X) AppleWebKit/605.1.15 (KHTML, like Gecko) GSA/407.0.866017435 Mobile/15E148 Safari/604.1",,production,main,MISS,middleware,middleware,the-crown-i-will-take-from-you.vercel.app,the-crown-i-will-take-from-7u8o1lddv.vercel.app,dpl_BwpawyiyvwAdGH3GjX9TQhzNxWFH,7,sin1,123,2048,,prj_qrokoMwAntOhRUhoe34RWPVyZ6hz,,,01KH91XP8PVB2AG4XJWR4WJF1T,l5Kjod9zrNKY,1
2026-02-12 13:51:19,1770904279313,the-crown-i-will-take-from-you.vercel.app/api/auth/me,GET,,401,wkr4b-1770904279313-2ed2197d2123,"Mozilla/5.0 (iPhone; CPU iPhone OS 26_2_1 like Mac OS X) AppleWebKit/605.1.15 (KHTML, like Gecko) GSA/407.0.866017435 Mobile/15E148 Safari/604.1",,production,main,MISS,function,/api/auth/me,the-crown-i-will-take-from-you.vercel.app,the-crown-i-will-take-from-7u8o1lddv.vercel.app,dpl_BwpawyiyvwAdGH3GjX9TQhzNxWFH,9,iad1,285,2048,,prj_qrokoMwAntOhRUhoe34RWPVyZ6hz,,,01KH91XPCX84DAH790R1QDF34E,aRfMk8u6ocXQ,1
2026-02-12 13:51:18,1770904278462,the-crown-i-will-take-from-you.vercel.app/read/80-the-veiled-strike,GET,,200,g7wl8-1770904278462-606a17643744,"Mozilla/5.0 (iPhone; CPU iPhone OS 26_2_1 like Mac OS X) AppleWebKit/605.1.15 (KHTML, like Gecko) GSA/407.0.866017435 Mobile/15E148 Safari/604.1",,production,main,HIT,middleware,middleware,the-crown-i-will-take-from-you.vercel.app,the-crown-i-will-take-from-7u8o1lddv.vercel.app,dpl_BwpawyiyvwAdGH3GjX9TQhzNxWFH,7,sin1,123,2048,,prj_qrokoMwAntOhRUhoe34RWPVyZ6hz,,,01KH91XNE61ZN57WPM91M7TCTW,l5Kjod9zrNKY,1
2026-02-12 13:51:18,1770904278462,the-crown-i-will-take-from-you.vercel.app/read/80-the-veiled-strike,GET,,200,g7wl8-1770904278462-606a17643744,"Mozilla/5.0 (iPhone; CPU iPhone OS 26_2_1 like Mac OS X) AppleWebKit/605.1.15 (KHTML, like Gecko) GSA/407.0.866017435 Mobile/15E148 Safari/604.1",,production,main,HIT,static,/read/80-the-veiled-strike,the-crown-i-will-take-from-you.vercel.app,the-crown-i-will-take-from-7u8o1lddv.vercel.app,dpl_BwpawyiyvwAdGH3GjX9TQhzNxWFH,682,sin1,,,,prj_qrokoMwAntOhRUhoe34RWPVyZ6hz,,,,,
